{"stats":{"minecraft:custom":{"minecraft:time_since_rest":1613834,"minecraft:sprint_one_cm":830006,"minecraft:walk_one_cm":2698361,"minecraft:mob_kills":9,"minecraft:drop":18,"minecraft:minecart_one_cm":1962,"minecraft:damage_dealt":1994,"minecraft:fly_one_cm":5006397,"minecraft:open_chest":868,"minecraft:crouch_one_cm":3342,"minecraft:play_time":1694516,"minecraft:sneak_time":17526,"minecraft:jump":2988,"minecraft:leave_game":40,"minecraft:time_since_death":1694516,"minecraft:sleep_in_bed":1,"minecraft:climb_one_cm":4771,"minecraft:total_world_time":1694516},"minecraft:killed":{"minecraft:trader_llama":6,"minecraft:pig":1,"minecraft:wandering_trader":2},"minecraft:picked_up":{"minecraft:stick":1,"minecraft:leather":2,"minecraft:lead":5,"minecraft:torch":8,"minecraft:dandelion":1,"minecraft:filled_map":19,"minecraft:pointed_dripstone":1,"minecraft:cornflower":3,"minecraft:moss_carpet":1,"minecraft:lantern":2,"minecraft:flint_and_steel":1,"minecraft:item_frame":208,"minecraft:oak_sign":3,"minecraft:wheat_seeds":1,"minecraft:writable_book":3,"minecraft:deepslate_bricks":2,"minecraft:spruce_wood":1,"minecraft:mossy_stone_bricks":1,"minecraft:minecart":2,"minecraft:oak_sapling":1,"minecraft:chest":1},"minecraft:dropped":{"minecraft:deepslate_bricks":2,"minecraft:filled_map":6,"minecraft:cornflower":3,"minecraft:mossy_stone_bricks":1,"minecraft:chest":1,"minecraft:writable_book":2,"minecraft:flint_and_steel":1,"minecraft:item_frame":3},"minecraft:used":{"minecraft:oak_log":28,"minecraft:tuff_bricks":3773,"minecraft:moss_carpet":1,"minecraft:mossy_stone_bricks":513,"minecraft:lever":1,"minecraft:netherite_sword":29,"minecraft:jungle_leaves":1,"minecraft:writable_book":50,"minecraft:lava_bucket":2,"minecraft:flint_and_steel":9,"minecraft:spruce_wood":7,"minecraft:lantern":2,"minecraft:grass_block":48,"minecraft:redstone":75,"minecraft:map":536,"minecraft:oak_planks":35,"minecraft:oak_sign":143,"minecraft:chest":108,"minecraft:mossy_stone_brick_stairs":22,"minecraft:stone":66,"minecraft:spruce_sign":5,"minecraft:deepslate_bricks":1829,"minecraft:copper_bulb":1,"minecraft:stone_bricks":153,"minecraft:item_frame":1147,"minecraft:oak_leaves":31,"minecraft:torch":62,"minecraft:glow_item_frame":1,"minecraft:glowstone":47,"minecraft:repeater":4,"minecraft:vine":732,"minecraft:tnt":643,"minecraft:white_stained_glass_pane":56,"minecraft:minecart":1,"minecraft:painting":91,"minecraft:spruce_log":9,"minecraft:deepslate_brick_stairs":14,"minecraft:cobweb":244,"minecraft:soul_torch":1,"minecraft:shroomlight":2,"minecraft:crimson_hanging_sign":1}},"DataVersion":4082}