{"stats":{"minecraft:custom":{"minecraft:interact_with_anvil":39,"minecraft:interact_with_crafting_table":2,"minecraft:leave_game":16,"minecraft:time_since_death":1413499,"minecraft:climb_one_cm":6151,"minecraft:sprint_one_cm":264425,"minecraft:walk_one_cm":773113,"minecraft:drop":19,"minecraft:play_time":1413499,"minecraft:sneak_time":31920,"minecraft:jump":1191,"minecraft:walk_on_water_one_cm":41,"minecraft:total_world_time":1413499,"minecraft:pot_flower":5,"minecraft:sleep_in_bed":5,"minecraft:time_since_rest":1332623,"minecraft:damage_dealt":10,"minecraft:minecart_one_cm":20589,"minecraft:fly_one_cm":4450906,"minecraft:open_chest":115,"minecraft:crouch_one_cm":42401,"minecraft:inspect_dispenser":2},"minecraft:picked_up":{"minecraft:cornflower":76,"minecraft:string":4,"minecraft:moss_carpet":1,"minecraft:item_frame":2,"minecraft:light_weighted_pressure_plate":1,"minecraft:minecart":2,"minecraft:torch":9,"minecraft:bamboo_pressure_plate":1,"minecraft:stone_button":1,"minecraft:pointed_dripstone":4,"minecraft:redstone":2,"minecraft:green_banner":2,"minecraft:arrow":1,"minecraft:rail":18,"minecraft:dark_oak_button":3,"minecraft:filled_map":1,"minecraft:lantern":7,"minecraft:stone_bricks":1,"minecraft:wheat_seeds":32,"minecraft:powered_rail":2,"minecraft:pitcher_plant":1,"minecraft:dandelion":47,"minecraft:sand":1,"minecraft:soul_torch":1,"minecraft:lever":1,"minecraft:writable_book":4,"minecraft:dark_oak_fence":1},"minecraft:dropped":{"minecraft:rail":16,"minecraft:torch":1,"minecraft:dark_oak_fence":1,"minecraft:writable_book":2,"minecraft:redstone":1,"minecraft:lever":1,"minecraft:soul_torch":1,"minecraft:stone_bricks":1,"minecraft:arrow":9,"minecraft:powered_rail":1},"minecraft:used":{"minecraft:azalea":2,"minecraft:oak_fence":13,"minecraft:moss_block":68,"minecraft:orange_dye":3,"minecraft:tuff_bricks":1210,"minecraft:moss_carpet":158,"minecraft:jungle_leaves":131,"minecraft:red_sand":32,"minecraft:writable_book":244,"minecraft:iron_bars":68,"minecraft:iron_shovel":64,"minecraft:flint_and_steel":44,"minecraft:dead_bush":17,"minecraft:red_sandstone_slab":2,"minecraft:dead_tube_coral_fan":4,"minecraft:redstone":148,"minecraft:light_gray_carpet":2,"minecraft:oak_sign":1,"minecraft:green_banner":4,"minecraft:decorated_pot":8,"minecraft:chest":11,"minecraft:stone":65,"minecraft:warped_sign":1,"minecraft:netherrack":32,"minecraft:torch":48,"minecraft:chiseled_red_sandstone":36,"minecraft:dirt":69,"minecraft:anvil":19,"minecraft:pink_dye":1,"minecraft:glow_lichen":95,"minecraft:azure_bluet":1,"minecraft:fern":7,"minecraft:shroomlight":4,"minecraft:red_sandstone_stairs":3,"minecraft:mossy_cobblestone_stairs":10,"minecraft:stone_brick_slab":7,"minecraft:dark_oak_planks":58,"minecraft:bamboo_pressure_plate":27,"minecraft:netherite_shovel":102,"minecraft:gray_dye":1,"minecraft:oak_stairs":2,"minecraft:lantern":45,"minecraft:spruce_wood":34,"minecraft:grass_block":417,"minecraft:light_weighted_pressure_plate":4,"minecraft:dark_oak_leaves":29,"minecraft:dark_oak_slab":95,"minecraft:mossy_cobblestone_slab":70,"minecraft:lime_dye":2,"minecraft:dark_oak_button":28,"minecraft:stone_brick_stairs":15,"minecraft:stone_bricks":1438,"minecraft:item_frame":2,"minecraft:reinforced_deepslate":564,"minecraft:glowstone":3,"minecraft:pitcher_plant":8,"minecraft:dark_oak_pressure_plate":24,"minecraft:yellow_glazed_terracotta":5,"minecraft:oak_sapling":56,"minecraft:white_stained_glass_pane":80,"minecraft:podzol":83,"minecraft:minecart":16,"minecraft:red_dye":2,"minecraft:mossy_stone_brick_wall":75,"minecraft:seagrass":1,"minecraft:large_fern":9,"minecraft:brown_concrete_powder":39,"minecraft:hanging_roots":13,"minecraft:pointed_dripstone":71,"minecraft:dark_oak_sapling":293,"minecraft:mossy_stone_bricks":446,"minecraft:dark_oak_stairs":13,"minecraft:chiseled_bookshelf":46,"minecraft:water_bucket":58,"minecraft:torchflower":4,"minecraft:spruce_door":3,"minecraft:dark_oak_hanging_sign":1,"minecraft:dark_oak_sign":66,"minecraft:powered_rail":4,"minecraft:oak_planks":18,"minecraft:mud_brick_slab":23,"minecraft:mossy_stone_brick_stairs":1,"minecraft:redstone_block":26,"minecraft:spruce_sign":1,"minecraft:white_dye":42,"minecraft:blue_bed":3,"minecraft:glow_ink_sac":53,"minecraft:deepslate_bricks":2484,"minecraft:large_amethyst_bud":5,"minecraft:mossy_cobblestone":52,"minecraft:dark_oak_trapdoor":106,"minecraft:brown_dye":1,"minecraft:sand":64,"minecraft:rail":217,"minecraft:vine":559,"minecraft:cyan_glazed_terracotta":2,"minecraft:oak_slab":4,"minecraft:crafting_table":2,"minecraft:red_mushroom":1,"minecraft:campfire":20,"minecraft:dripstone_block":2,"minecraft:stone_brick_wall":87,"minecraft:painting":144,"minecraft:spruce_log":92,"minecraft:red_sandstone_wall":4,"minecraft:small_amethyst_bud":11,"minecraft:redstone_torch":11,"minecraft:amethyst_cluster":5,"minecraft:sticky_piston":32,"minecraft:mud":38,"minecraft:weathered_copper_grate":1,"minecraft:lever":2,"minecraft:yellow_dye":3,"minecraft:flower_pot":6,"minecraft:light":1,"minecraft:red_sandstone":46,"minecraft:cornflower":6,"minecraft:weathered_copper_trapdoor":2,"minecraft:diamond_shovel":4,"minecraft:dead_fire_coral":3,"minecraft:dark_oak_log":4,"minecraft:command_block":35,"minecraft:heavy_weighted_pressure_plate":1,"minecraft:stone_button":45,"minecraft:spore_blossom":13,"minecraft:stone_slab":2,"minecraft:spruce_trapdoor":34,"minecraft:oak_pressure_plate":14,"minecraft:cut_red_sandstone":42,"minecraft:gravel":1,"minecraft:flowering_azalea_leaves":22,"minecraft:polished_andesite_slab":133,"minecraft:tuff_brick_slab":9,"minecraft:pink_petals":19,"minecraft:mud_brick_wall":10,"minecraft:dark_oak_fence":240,"minecraft:medium_amethyst_bud":6,"minecraft:white_stained_glass":3,"minecraft:bucket":60,"minecraft:chain":62,"minecraft:magenta_glazed_terracotta":48,"minecraft:mossy_cobblestone_wall":11,"minecraft:wither_rose":5,"minecraft:sea_pickle":18,"minecraft:coarse_dirt":18,"minecraft:candle":45,"minecraft:bone_meal":435,"minecraft:soul_torch":13,"minecraft:cobweb":157},"minecraft:crafted":{"minecraft:decorated_pot":3}},"DataVersion":4082}